{
    "normalized_results": {
        "P1": {
            "B1-A": 0.0010144059886966026,
            "B2-A": -0.0013922817570105079,
            "B3-A": -0.07008159441471785,
            "B4-A": -0.013416462759568225,
            "B5-A": -0.3339688212722316,
            "B6-A": 1.0,
            "B7-A": 0.0026164937949267057,
            "B8-A": 0.009174694688176362,
            "B9-A": 0.00494515265111461,
            "B10-A": 0.004769010507325536,
            "B11-A": 0.005689102479117846,
            "B12-A": 0.004811887130585293,
            "B13-A": 0.00642922366567724,
            "B14-A": 0.0028583144235153277
        },
        "P2": {
            "B1-A": 0.16848604032035933,
            "B2-A": 0.09642701614517941,
            "B3-A": -0.022948989538220898,
            "B4-A": 0.06275707969934663,
            "B5-A": -0.07981923954687954,
            "B6-A": -0.08676209913893755,
            "B7-A": 0.2063692977935629,
            "B8-A": 0.2732240000765602,
            "B9-A": 0.29103658775976593,
            "B10-A": 0.4398555661472476,
            "B11-A": 0.4695508724771421,
            "B12-A": 0.6336329711095915,
            "B13-A": 1.0,
            "B14-A": 0.873899323815349
        },
        "P3": {
            "B1-A": 0.18946378545172057,
            "B2-A": 0.07018961777662196,
            "B3-A": -0.003697827194280498,
            "B4-A": 0.03110774295219362,
            "B5-A": -0.03213221082266613,
            "B6-A": -0.03942157854469642,
            "B7-A": 0.1505905653059256,
            "B8-A": 0.14962869588999606,
            "B9-A": 0.19366756759327364,
            "B10-A": 0.29032790819020965,
            "B11-A": 0.38579517234262056,
            "B12-A": 0.7318251080838079,
            "B13-A": 0.9208163253198285,
            "B14-A": 1.0
        },
        "P4": {
            "B1-A": 0.18220132527119934,
            "B2-A": 0.04239378625045014,
            "B3-A": -0.020430060075931948,
            "B4-A": -0.008474019532219247,
            "B5-A": -0.030619002819139395,
            "B6-A": -0.027285591715813597,
            "B7-A": 0.06240780685523029,
            "B8-A": 0.0690194293009792,
            "B9-A": 0.11526538894176687,
            "B10-A": 0.21337658091907588,
            "B11-A": 0.2551130912090655,
            "B12-A": 0.5737571731951772,
            "B13-A": 0.7941682421603207,
            "B14-A": 1.0
        },
        "P5": {
            "B1-A": 0.24809518944916903,
            "B2-A": 0.12349552866680184,
            "B3-A": 0.044602586368491355,
            "B4-A": 0.04380643789424892,
            "B5-A": 0.03104461868884251,
            "B6-A": 0.017210589883601423,
            "B7-A": 0.09003535479696602,
            "B8-A": 0.0762364370497568,
            "B9-A": 0.13731169696002082,
            "B10-A": 0.21994935761076834,
            "B11-A": 0.3334993273701629,
            "B12-A": 0.8271939451453351,
            "B13-A": 0.9143150738732324,
            "B14-A": 1.0
        },
        "P6": {
            "B1-A": 0.16564386990170854,
            "B2-A": 0.018941369385863337,
            "B3-A": -0.03116126735525772,
            "B4-A": -0.008302458000071546,
            "B5-A": -0.002778386821947509,
            "B6-A": 0.01826544433546521,
            "B7-A": 0.08962116436548087,
            "B8-A": 0.08882080443559237,
            "B9-A": 0.14900210742976014,
            "B10-A": 0.23730895900221752,
            "B11-A": 0.3599704538301036,
            "B12-A": 0.8049273953739531,
            "B13-A": 0.8810963181081443,
            "B14-A": 1.0
        },
        "P7": {
            "B1-A": 0.0594107461705174,
            "B2-A": -0.04722204647719466,
            "B3-A": -0.10087157063746047,
            "B4-A": -0.04192729614276549,
            "B5-A": -0.002753833305194652,
            "B6-A": 0.08197130344397356,
            "B7-A": 0.19038010872665725,
            "B8-A": 0.2165111894032422,
            "B9-A": 0.3920338996702032,
            "B10-A": 0.577618971392415,
            "B11-A": 0.6865028681346819,
            "B12-A": 0.8891291742135943,
            "B13-A": 0.8216872033462443,
            "B14-A": 1.0
        },
        "P8": {
            "B1-A": 0.3911203150982218,
            "B2-A": 0.3216242834869295,
            "B3-A": 0.23957248457501382,
            "B4-A": 0.23406130605464612,
            "B5-A": 0.1881776190697089,
            "B6-A": 0.15978390430548114,
            "B7-A": 0.24642586819423376,
            "B8-A": 0.26790265662114404,
            "B9-A": 0.356271836161987,
            "B10-A": 0.4893737564881372,
            "B11-A": 0.6270634350851945,
            "B12-A": 0.8368409670006867,
            "B13-A": 0.8793581868290272,
            "B14-A": 1.0
        }
    },
    "normalized_groundtruth": {
        "B1-A": 0.8333333333333334,
        "B2-A": 0.4666666666666667,
        "B3-A": 0.23333333333333334,
        "B4-A": 0.13333333333333333,
        "B5-A": 0.1,
        "B6-A": 0.08333333333333333,
        "B7-A": 0.245,
        "B8-A": 0.20833333333333334,
        "B9-A": 0.35,
        "B10-A": 0.5333333333333333,
        "B11-A": 0.4666666666666667,
        "B12-A": 0.8333333333333334,
        "B13-A": 1.0,
        "B14-A": 1.0
    }
}