{"UV1-A": 0.1095890410958904, "UV2-A": 0.0273972602739726, "UV3-A": 0.06940639269406393, "UV4-A": 0.091324200913242, "UV5-A": 0.058447488584474884, "UV6-A": 0.021917808219178082, "UV7-A": 0.014611872146118721, "UV8-A": 0.017351598173515982, "UV9-A": 0.02009132420091324, "UV10-A": 0.014611872146118721, "UV11-A": 0.0365296803652968, "UV12-A": 0.08036529680365297, "UV13-A": 0.1095890410958904, "UV14-A": 0.1095890410958904, "UV15-A": 0.1095890410958904, "UV16-A": 0.1095890410958904, "V1-A": 0.05818181818181818, "V2-A": 0.03272727272727273, "V3-A": 0.023636363636363636, "V4-A": 0.013636363636363636, "V5-A": 0.013636363636363636, "V6-A": 0.017272727272727273, "V7-A": 0.016363636363636365, "V8-A": 0.025454545454545455, "V9-A": 0.025454545454545455, "V10-A": 0.016363636363636365, "V11-A": 0.031818181818181815, "V12-A": 0.045454545454545456, "V13-A": 0.05272727272727273, "V14-A": 0.11818181818181818, "V15-A": 0.21818181818181817, "V16-A": 0.2909090909090909, "B1-A": 0.12846865364850976, "B2-A": 0.07194244604316546, "B3-A": 0.03597122302158273, "B4-A": 0.020554984583761562, "B5-A": 0.015416238437821172, "B6-A": 0.012846865364850977, "B7-A": 0.03776978417266187, "B8-A": 0.03211716341212744, "B9-A": 0.0539568345323741, "B10-A": 0.08221993833504625, "B11-A": 0.07194244604316546, "B12-A": 0.12846865364850976, "B13-A": 0.15416238437821173, "B14-A": 0.15416238437821173, "YG1-A": 0.05434782608695652, "YG2-A": 0.04755434782608696, "YG3-A": 0.020380434782608696, "YG4-A": 0.06385869565217392, "YG5-A": 0.057744565217391304, "YG6-A": 0.08831521739130435, "YG7-A": 0.059782608695652176, "YG8-A": 0.12567934782608695, "YG9-A": 0.15625, "YG10-A": 0.32608695652173914, "R1-A": 0.06896551724137931, "R2-A": 0.09241379310344827, "R3-A": 0.0896551724137931, "R4-A": 0.09379310344827586, "R5-A": 0.10344827586206896, "R6-A": 0.12413793103448276, "R7-A": 0.19310344827586207, "R8-A": 0.23448275862068965}