{
    "normalized_results": {
        "P1": {
            "B1-A": 0.0010144059886966026,
            "B2-A": -0.0013922817570105079,
            "B3-A": -0.07008159441471785,
            "B4-A": -0.013416462759568225,
            "B5-A": -0.3339688212722316,
            "B6-A": 1.0,
            "B7-A": 0.0026164937949267057,
            "B8-A": 0.009174694688176362,
            "B9-A": 0.00494515265111461,
            "B10-A": 0.004769010507325536,
            "B11-A": 0.005689102479117846,
            "B12-A": 0.004811887130585293,
            "B13-A": 0.00642922366567724,
            "B14-A": 0.0028583144235153277,
            "YG1-A": 0.00230062079776166,
            "YG2-A": 0.0033161296200109047,
            "YG3-A": 0.009436875875078509,
            "YG4-A": 0.002825583471825019,
            "YG5-A": 0.008150436001124339,
            "YG6-A": 0.02763649115833714,
            "YG7-A": 0.012335167935839405,
            "YG8-A": 0.007592376306445996,
            "YG9-A": 0.004805617061295089,
            "YG10-A": 0.00441867997631007,
            "R1-A": 0.015481960365767895,
            "R2-A": 0.01221162967664393,
            "R3-A": 0.010392623817388643,
            "R4-A": 0.01402368028051061,
            "R5-A": 0.0068360813054737365,
            "R6-A": 0.02363814306555897,
            "R7-A": 0.005731023668201308,
            "R8-A": 0.002825664281388055
        },
        "P2": {
            "B1-A": 0.16848604032035933,
            "B2-A": 0.09642701614517941,
            "B3-A": -0.022948989538220898,
            "B4-A": 0.06275707969934663,
            "B5-A": -0.07981923954687954,
            "B6-A": -0.08676209913893755,
            "B7-A": 0.2063692977935629,
            "B8-A": 0.2732240000765602,
            "B9-A": 0.29103658775976593,
            "B10-A": 0.4398555661472476,
            "B11-A": 0.4695508724771421,
            "B12-A": 0.6336329711095915,
            "B13-A": 1.0,
            "B14-A": 0.873899323815349,
            "YG1-A": 0.13362160049360577,
            "YG2-A": 0.07552128599683831,
            "YG3-A": 0.17708298176426757,
            "YG4-A": 0.17575627401944224,
            "YG5-A": 0.2018179351870676,
            "YG6-A": 0.21613708334612292,
            "YG7-A": 0.35824323480338177,
            "YG8-A": 0.3206189693762826,
            "YG9-A": 0.3652388164648855,
            "YG10-A": 0.5027871688851508,
            "R1-A": 0.09621423737436542,
            "R2-A": 0.12470787042961229,
            "R3-A": 0.16617850056040095,
            "R4-A": 0.15864982507497388,
            "R5-A": 0.1966974180470499,
            "R6-A": 0.21190829303607847,
            "R7-A": 0.23377868973037735,
            "R8-A": 0.34916010956737475
        },
        "P3": {
            "B1-A": 0.18946378545172057,
            "B2-A": 0.07018961777662196,
            "B3-A": -0.003697827194280498,
            "B4-A": 0.03110774295219362,
            "B5-A": -0.03213221082266613,
            "B6-A": -0.03942157854469642,
            "B7-A": 0.1505905653059256,
            "B8-A": 0.14962869588999606,
            "B9-A": 0.19366756759327364,
            "B10-A": 0.29032790819020965,
            "B11-A": 0.38579517234262056,
            "B12-A": 0.7318251080838079,
            "B13-A": 0.9208163253198285,
            "B14-A": 1.0,
            "YG1-A": 0.061404695446971684,
            "YG2-A": 0.060998014506209536,
            "YG3-A": 0.07358205710363719,
            "YG4-A": 0.09446899625513598,
            "YG5-A": 0.10095176496492243,
            "YG6-A": 0.1267883219147839,
            "YG7-A": 0.18198406496489633,
            "YG8-A": 0.22027388475581816,
            "YG9-A": 0.2649078017024984,
            "YG10-A": 0.5779454339207276,
            "R1-A": 0.05630260265706628,
            "R2-A": 0.06103860732192345,
            "R3-A": 0.07363678375808269,
            "R4-A": 0.07310858018357262,
            "R5-A": 0.09697334552013305,
            "R6-A": 0.12128120568496716,
            "R7-A": 0.15357704803034455,
            "R8-A": 0.228165058771034
        },
        "P4": {
            "B1-A": 0.18220132527119934,
            "B2-A": 0.04239378625045014,
            "B3-A": -0.020430060075931948,
            "B4-A": -0.008474019532219247,
            "B5-A": -0.030619002819139395,
            "B6-A": -0.027285591715813597,
            "B7-A": 0.06240780685523029,
            "B8-A": 0.0690194293009792,
            "B9-A": 0.11526538894176687,
            "B10-A": 0.21337658091907588,
            "B11-A": 0.2551130912090655,
            "B12-A": 0.5737571731951772,
            "B13-A": 0.7941682421603207,
            "B14-A": 1.0,
            "YG1-A": 0.0019877366120241934,
            "YG2-A": 0.0033112941382258472,
            "YG3-A": 0.002054777613267708,
            "YG4-A": 0.030199352062411654,
            "YG5-A": 0.03008339932456573,
            "YG6-A": 0.047149825248961615,
            "YG7-A": 0.0750181092958308,
            "YG8-A": 0.154890087152282,
            "YG9-A": 0.19293004205496525,
            "YG10-A": 0.5671758818897504,
            "R1-A": -0.024821267209559492,
            "R2-A": -0.00765966367460859,
            "R3-A": 0.00720491890421311,
            "R4-A": 0.010257026149800208,
            "R5-A": 0.025659175751693745,
            "R6-A": 0.051164875934342074,
            "R7-A": 0.09851896952053502,
            "R8-A": 0.13068876555688339
        },
        "P5": {
            "B1-A": 0.24809518944916903,
            "B2-A": 0.12349552866680184,
            "B3-A": 0.044602586368491355,
            "B4-A": 0.04380643789424892,
            "B5-A": 0.03104461868884251,
            "B6-A": 0.017210589883601423,
            "B7-A": 0.09003535479696602,
            "B8-A": 0.0762364370497568,
            "B9-A": 0.13731169696002082,
            "B10-A": 0.21994935761076834,
            "B11-A": 0.3334993273701629,
            "B12-A": 0.8271939451453351,
            "B13-A": 0.9143150738732324,
            "B14-A": 1.0,
            "YG1-A": 0.058904019442822406,
            "YG2-A": 0.06774775813351573,
            "YG3-A": 0.046636035034749106,
            "YG4-A": 0.06780002491615753,
            "YG5-A": 0.06459297004923868,
            "YG6-A": 0.07994301412255915,
            "YG7-A": 0.09034496589029532,
            "YG8-A": 0.15449237819548728,
            "YG9-A": 0.1849117563130386,
            "YG10-A": 0.5538471617305867,
            "R1-A": 0.11927304634160829,
            "R2-A": 0.10253695498481222,
            "R3-A": 0.09290329677252054,
            "R4-A": 0.09405951558688098,
            "R5-A": 0.09920190372207652,
            "R6-A": 0.11818050807726307,
            "R7-A": 0.15268795275711067,
            "R8-A": 0.1808986152730954
        },
        "P6": {
            "B1-A": 0.16564386990170854,
            "B2-A": 0.018941369385863337,
            "B3-A": -0.03116126735525772,
            "B4-A": -0.008302458000071546,
            "B5-A": -0.002778386821947509,
            "B6-A": 0.01826544433546521,
            "B7-A": 0.08962116436548087,
            "B8-A": 0.08882080443559237,
            "B9-A": 0.14900210742976014,
            "B10-A": 0.23730895900221752,
            "B11-A": 0.3599704538301036,
            "B12-A": 0.8049273953739531,
            "B13-A": 0.8810963181081443,
            "B14-A": 1.0,
            "YG1-A": -0.01894479417533655,
            "YG2-A": -0.024392251981508656,
            "YG3-A": -0.0039993384668180415,
            "YG4-A": 0.04908082689499061,
            "YG5-A": 0.050976261733649574,
            "YG6-A": 0.09783159801578725,
            "YG7-A": 0.10996632262755492,
            "YG8-A": 0.17405654442634302,
            "YG9-A": 0.28668819399779066,
            "YG10-A": 0.6786225658817591,
            "R1-A": 0.04553540844176096,
            "R2-A": 0.0684587779949684,
            "R3-A": 0.1434498250000477,
            "R4-A": 0.215196816742425,
            "R5-A": 0.27784996194609984,
            "R6-A": 0.3542431696041705,