{
    "normalized_results": {
        "P1": {
            "UV1-A": 0.0018529185648817653,
            "UV2-A": 0.002254824780765907,
            "UV3-A": 0.0024212000818288407,
            "UV4-A": 0.002219827677422653,
            "UV5-A": 0.001967604470641254,
            "UV6-A": 0.0019041074327622075,
            "UV7-A": 0.0008400863856830207,
            "UV8-A": 0.0005917877866200393,
            "UV9-A": 0.0008255851295780736,
            "UV10-A": 0.003064959520721255,
            "UV11-A": 0.003136383496436617,
            "UV12-A": 0.0029260049302886736,
            "UV13-A": 0.0037233617464078536,
            "UV14-A": 0.0031532882189994915,
            "UV15-A": 0.0035280779107961006,
            "UV16-A": 0.00350644172891852,
            "B1-A": 0.0010144059886966026,
            "B2-A": -0.0013922817570105079,
            "B3-A": -0.07008159441471785,
            "B4-A": -0.013416462759568225,
            "B5-A": -0.3339688212722316,
            "B6-A": 1.0,
            "B7-A": 0.0026164937949267057,
            "B8-A": 0.009174694688176362,
            "B9-A": 0.00494515265111461,
            "B10-A": 0.004769010507325536,
            "B11-A": 0.005689102479117846,
            "B12-A": 0.004811887130585293,
            "B13-A": 0.00642922366567724,
            "B14-A": 0.0028583144235153277,
            "YG1-A": 0.00230062079776166,
            "YG2-A": 0.0033161296200109047,
            "YG3-A": 0.009436875875078509,
            "YG4-A": 0.002825583471825019,
            "YG5-A": 0.008150436001124339,
            "YG6-A": 0.02763649115833714,
            "YG7-A": 0.012335167935839405,
            "YG8-A": 0.007592376306445996,
            "YG9-A": 0.004805617061295089,
            "YG10-A": 0.00441867997631007,
            "R1-A": 0.015481960365767895,
            "R2-A": 0.01221162967664393,
            "R3-A": 0.010392623817388643,
            "R4-A": 0.01402368028051061,
            "R5-A": 0.0068360813054737365,
            "R6-A": 0.02363814306555897,
            "R7-A": 0.005731023668201308,
            "R8-A": 0.002825664281388055
        },
        "P2": {
            "UV1-A": 0.4294490261908044,
            "UV2-A": 0.1414402726099686,
            "UV3-A": 0.17034074421873976,
            "UV4-A": 0.22103875592480754,
            "UV5-A": 0.17049641982124597,
            "UV6-A": 0.17247579890078168,
            "UV7-A": 0.18170552133256976,
            "UV8-A": 0.15271262719492562,
            "UV9-A": 0.20843543778948706,
            "UV10-A": 0.5282941780367069,
            "UV11-A": 0.6652781481332938,
            "UV12-A": 0.7386221804536723,
            "UV13-A": 0.7947286246450268,
            "UV14-A": 0.8454116066891003,
            "UV15-A": 0.9028968987946351,
            "UV16-A": 1.0,
            "B1-A": 0.1561124594946229,
            "B2-A": 0.08934543552408869,
            "B3-A": -0.021263620374222313,
            "B4-A": 0.05814821242125906,
            "B5-A": -0.07395733069019199,
            "B6-A": -0.08039030807384434,
            "B7-A": 0.1912135781781939,
            "B8-A": 0.25315848460685036,
            "B9-A": 0.26966291944252885,
            "B10-A": 0.4075526620667405,
            "B11-A": 0.43506715108785793,
            "B12-A": 0.5870990934840714,
            "B13-A": 0.9265602016510728,
            "B14-A": 0.8097203336970858,
            "YG1-A": 0.12380845709829444,
            "YG2-A": 0.06997501798217885,
            "YG3-A": 0.164078043292473,
            "YG4-A": 0.1628487686968956,
            "YG5-A": 0.18699646672373246,
            "YG6-A": 0.20026401952945835,
            "YG7-A": 0.331933923879554,
            "YG8-A": 0.2970727769184475,
            "YG9-A": 0.3384157514345034,
            "YG10-A": 0.46586258058979735,
            "R1-A": 0.0891482831832962,
            "R2-A": 0.11554934957273741,
            "R3-A": 0.153974384989318,
            "R4-A": 0.1469986139133752,
            "R5-A": 0.18225199932991992,
            "R6-A": 0.19634579072704347,
            "R7-A": 0.216610029898302,
            "R8-A": 0.32351786152925743
        },
        "P3": {
            "UV1-A": 0.35376348934557816,
            "UV2-A": 0.06414239204077175,
            "UV3-A": 0.0876022602918239,
            "UV4-A": 0.13770598371069612,
            "UV5-A": 0.08751757990719457,
            "UV6-A": 0.0756728509126054,
            "UV7-A": 0.11321055906111632,
            "UV8-A": 0.15176972673370515,
            "UV9-A": 0.2016367183476141,
            "UV10-A": 0.2793143032511508,
            "UV11-A": 0.34200386628891005,
            "UV12-A": 0.516931489297642,
            "UV13-A": 0.5601199890475109,
            "UV14-A": 0.5941383487645616,
            "UV15-A": 0.8754813085044076,
            "UV16-A": 1.0,
            "B1-A": 0.11647759064962063,
            "B2-A": 0.04315081928584186,
            "B3-A": -0.002273331556220775,
            "B4-A": 0.019124261351478898,
            "B5-A": -0.019754078543012806,
            "B6-A": -0.024235399274554707,
            "B7-A": 0.0925793083864475,
            "B8-A": 0.09198797515714506,
            "B9-A": 0.11906197063704982,
            "B10-A": 0.17848632741984932,
            "B11-A": 0.2371772106821669,
            "B12-A": 0.4499077497225528,
            "B13-A": 0.5660948172674488,
            "B14-A": 0.6147749575039585,
            "YG1-A": 0.03775006903395554,
            "YG2-A": 0.03750005177588082,
            "YG3-A": 0.045236406028942404,
            "YG4-A": 0.05807717315819284,
            "YG5-A": 0.0620626170162598,
            "YG6-A": 0.07794628521715949,
            "YG7-A": 0.11187924580519178,
            "YG8-A": 0.13541886813998996,
            "YG9-A": 0.16285868253412053,
            "YG10-A": 0.35530637957822225,
            "R1-A": 0.034613430155860186,
            "R2-A": 0.037525007222436305,
            "R3-A": 0.04527005060560347,
            "R4-A": 0.04494532427553061,
            "R5-A": 0.05961678437115649,
            "R6-A": 0.07456064807100454,
            "R7-A": 0.09441532317643847,
            "R8-A": 0.14027016430985065
        },
        "P4": {
            "UV1-A": 0.2877705144703653,
            "UV2-A": 0.014821961155086216,
            "UV3-A": 0.062086525090766516,
            "UV4-A": 0.10829672470215433,
            "UV5-A": 0.05356722336981233,
            "UV6-A": 0.027491624537582568,
            "UV7-A": 0.05426093357097287,
            "UV8-A": 0.10950872548807307,
            "UV9-A": 0.17325626588476237,
            "UV10-A": 0.12789985657270267,
            "UV11-A": 0.19351469586830053,
            "UV12-A": 0.26874977019293994,
            "UV13-A": 0.49123442643669524,
            "UV14-A": 0.5443330208407096,
            "UV15-A": 0.7413136093747495,
            "UV16-A": 1.0,
            "B1-A": 0.11084997683347367,
            "B2-A": 0.025792074875146155,
            "B3-A": -0.012429501721530614,
            "B4-A": -0.005155532581526121,
            "B5-A": -0.018628381259651442,
            "B6-A": -0.01660035790125869,
            "B7-A": 0.03796846117245939,
            "B8-A": 0.04199092475142651,
            "B9-A": 0.07012663423209405,
            "B10-A": 0.12981677831639893,
            "B11-A": 0.15520897122097324,
            "B12-A": 0.3490697406402354,
            "B13-A": 0.48316625092774534,
            "B14-A": 0.6083928131064795,
            "YG1-A": 0.0012093246691041418,
            "YG2-A": 0.002014567555778219,
            "YG3-A": 0.0012501119324441587,
            "YG4-A": 0.01837306875524359,
            "YG5-A": 0.01830252394287811,
            "YG6-A": 0.02868561482069467,
            "YG7-A": 0.04564047854841984,
            "YG8-A": 0.09423401584488462,
            "YG9-A": 0.11737725101857172,
            "YG10-A": 0.34506573030905363,
            "R1-A": -0.015101080582491516,
            "R2-A": -0.004660084330444634,
            "R3-A": 0.004383420880338267,
            "R4-A": 0.006240300993383671,