{"ratios_mean": {"P8": {"B1-A": 1.8081346357084662, "B2-A": 1.7978633176826626, "B3-A": 1.7827958480626869, "B4-A": 1.7946167930253694, "B5-A": 1.7829052263939187, "B6-A": 1.7887505568736348, "B7-A": 1.8174153968219902, "B8-A": 1.8022449486532757, "B9-A": 1.790861978241507, "B10-A": 1.8005871097924606, "B11-A": 1.7858770655425051, "B12-A": 1.7739590991768333, "B13-A": 1.7690492256378556, "B14-A": 1.760678687252203}, "P7": {"B1-A": 1.792037925401401, "B2-A": 1.7785704920682102, "B3-A": 1.7630909744720265, "B4-A": 1.7784608858019566, "B5-A": 1.7683979719031662, "B6-A": 1.7744306850075122, "B7-A": 1.7899805523342966, "B8-A": 1.7828974989833573, "B9-A": 1.7792371110348344, "B10-A": 1.789582526439509, "B11-A": 1.7744076049590305, "B12-A": 1.7615672161362477, "B13-A": 1.756427303601351, "B14-A": 1.7452441243112113}, "P6": {"B1-A": 1.782408381472233, "B2-A": 1.769199930272885, "B3-A": 1.7529862517579657, "B4-A": 1.7696743254074943, "B5-A": 1.7616515838470863, "B6-A": 1.7670801687455562, "B7-A": 1.7707912438816185, "B8-A": 1.7691746506016504, "B9-A": 1.7706570737793783, "B10-A": 1.779191911041336, "B11-A": 1.7652164971179547, "B12-A": 1.7561099396068827, "B13-A": 1.7562194600878132, "B14-A": 1.733550502067744}, "P5": {"B1-A": 1.7786827818864968, "B2-A": 1.7675632203964358, "B3-A": 1.7516651532676935, "B4-A": 1.7665089684341346, "B5-A": 1.7614862308549508, "B6-A": 1.7631518638643584, "B7-A": 1.7566696477270602, "B8-A": 1.7685113323605517, "B9-A": 1.7650851923813866, "B10-A": 1.7754539128563902, "B11-A": 1.7648060269475587, "B12-A": 1.7511288860805683, "B13-A": 1.7428261643701046, "B14-A": 1.6996927900657859}, "P4": {"B1-A": 1.778584265292318, "B2-A": 1.7681714231882883, "B3-A": 1.7496192440162304, "B4-A": 1.7639774592013844, "B5-A": 1.7516978694407446, "B6-A": 1.7568568769109618, "B7-A": 1.7168031599724338, "B8-A": 1.7615474910507223, "B9-A": 1.7678892614767991, "B10-A": 1.763606411852079, "B11-A": 1.738290231375785, "B12-A": 1.7324776334023209, "B13-A": 1.7329414545927093, "B14-A": 1.6808614771221533}, "P3": {"B1-A": 1.7850379714129208, "B2-A": 1.7645240983579835, "B3-A": 1.7439063662166288, "B4-A": 1.7516283707116316, "B5-A": 1.7475012334492517, "B6-A": 1.7505680831924444, "B7-A": 1.6380698555378312, "B8-A": 1.7352912081975393, "B9-A": 1.753810588803344, "B10-A": 1.7469057103284789, "B11-A": 1.734516091196376, "B12-A": 1.7329582490271145, "B13-A": 1.680470067454482, "B14-A": 1.619116507747867}, "P2": {"B1-A": 1.7398716997418329, "B2-A": 1.7499915952932472, "B3-A": 1.741900301033061, "B4-A": 1.7445447899411048, "B5-A": 1.7224000685730174, "B6-A": 1.717673426835543, "B7-A": 1.4658705221104045, "B8-A": 1.6799752566193784, "B9-A": 1.7636661485793381, "B10-A": 1.7545483776707984, "B11-A": 1.725341755472817, "B12-A": 1.7302748985285001, "B13-A": 1.643121633616881, "B14-A": 1.4451749904070441}, "P1": {"B1-A": 1.8312266574261553, "B2-A": 1.6944661750425356, "B3-A": 1.7897218614944448, "B4-A": 1.5781830398730468, "B5-A": 1.7028779486914793, "B6-A": 1.2198567646580127, "B7-A": 1.0036938830630806, "B8-A": 1.1793458832544341, "B9-A": 1.5938140846975148, "B10-A": 1.4377729456483146, "B11-A": 1.4192351374596317, "B12-A": 1.3943366895841618, "B13-A": 1.1960127455749108, "B14-A": 1.2210249315074457}}, "ratios_var": {"P8": {"B1-A": 1.763971748931573, "B2-A": 1.7640670611346287, "B3-A": 1.5185527386230295, "B4-A": 1.3044606932431937, "B5-A": 1.0580003099664077, "B6-A": 0.869385673180559, "B7-A": 0.7510323286972191, "B8-A": 0.884516658648932, "B9-A": 0.9141130630428168, "B10-A": 1.105881080542226, "B11-A": 1.4288627382208006, "B12-A": 1.8171216992764423, "B13-A": 2.113001934842337, "B14-A": 2.6105280928982517}, "P7": {"B1-A": 2.2382006890138397, "B2-A": 2.2901845790881383, "B3-A": 2.0340584172856215, "B4-A": 1.83940459901092, "B5-A": 1.6710381752540577, "B6-A": 1.4660214260926412, "B7-A": 1.237630680066708, "B8-A": 1.4804922218773213, "B9-A": 1.5541779862384104, "B10-A": 1.8691468585854387, "B11-A": 1.8808776459150698, "B12-A": 2.1835593487485117, "B13-A": 2.191691789959773, "B14-A": 2.4272445235578104}, "P6": {"B1-A": 2.233278829243891, "B2-A": 2.170846855342414, "B3-A": 2.077705338409015, "B4-A": 1.9431907404498774, "B5-A": 1.8398048757395817, "B6-A": 1.785510001264058, "B7-A": 1.5795832096511404, "B8-A": 1.833450788694376, "B9-A": 1.9297182901753955, "B10-A": 2.0459703814860943, "B11-A": 2.0093293617663273, "B12-A": 2.0656717094400685, "B13-A": 2.087255621849253, "B14-A": 2.207271409366864}, "P5": {"B1-A": 1.9081740471935305, "B2-A": 1.9378703090302425, "B3-A": 1.9464935538976544, "B4-A": 1.8038421584516182, "B5-A": 1.7147877444626822, "B6-A": 1.5950409418318872, "B7-A": 1.5652898807978108, "B8-A": 1.6289793003037636, "B9-A": 1.742663874887934, "B10-A": 1.962817236550384, "B11-A": 1.8274376643382224, "B12-A": 1.8398380541656643, "B13-A": 1.8507185610709558, "B14-A": 1.6653478442570526}, "P4": {"B1-A": 1.6300397346967772, "B2-A": 1.6507032867053058, "B3-A": 1.7494782937116178, "B4-A": 1.462610296895281, "B5-A": 1.4591541845238711, "B6-A": 1.3596190576521574, "B7-A": 1.5705759508265205, "B8-A": 1.463991172733593, "B9-A": 1.400716074523271, "B10-A": 1.8286882527082036, "B11-A": 1.54463286825493, "B12-A": 1.4713224304267158, "B13-A": 1.7846431998205017, "B14-A": 1.7272982497790366}, "P3": {"B1-A": 1.807901343625684, "B2-A": 1.4435717924321276, "B3-A": 1.3912107129270233, "B4-A": 1.2017086389052443, "B5-A": 1.2626843579839762, "B6-A": 1.2288714184686924, "B7-A": 1.3855640729996004, "B8-A": 1.2313898101862206, "B9-A": 1.3481629401324897, "B10-A": 1.424935086218873, "B11-A": 1.391060269752819, "B12-A": 1.474611493418894, "B13-A": 1.5491676938375305, "B14-A": 1.3921334878834961}, "P2": {"B1-A": 0.40072144549606575, "B2-A": 0.6465802382932887, "B3-A": 0.9096983646282433, "B4-A": 1.1587968461618703, "B5-A": 1.1602240082239503, "B6-A": 1.1507170654978855, "B7-A": 1.1767518574630476, "B8-A": 1.1450273843356615, "B9-A": 1.2704969668183823, "B10-A": 1.3052738526201892, "B11-A": 1.2174226574472187, "B12-A": 1.3071780946419567, "B13-A": 1.3447780406188612, "B14-A": 1.287509323881586}, "P1": {"B1-A": 1.6585168216882085, "B2-A": 1.3250561552777482, "B3-A": 1.191321718855366, "B4-A": 1.15729734608657, "B5-A": 1.1108397453027994, "B6-A": 1.0950416693540777, "B7-A": 1.1300213045499887, "B8-A": 1.1448091762471573, "B9-A": 1.1879299178802527, "B10-A": 1.1322711976602187, "B11-A": 1.1903006299083385, "B12-A": 1.1016778283353845, "B13-A": 1.1328548014851008, "B14-A": 1.1245922912982536}}, "groundtruth_mean": {"B1-A": 2.0, "B2-A": 2.0, "B3-A": 2.0, "B4-A": 2.0, "B5-A": 2.0, "B6-A": 2.0, "B7-A": 2.0, "B8-A": 2.0, "B9-A": 2.0, "B10-A": 2.0, "B11-A": 2.0, "B12-A": 2.0, "B13-A": 2.0, "B14-A": 2.0}, "groundtruth_var": {"B1-A": 2.0, "B2-A": 2.0, "B3-A": 2.0, "B4-A": 2.0, "B5-A": 2.0, "B6-A": 2.0, "B7-A": 2.0, "B8-A": 2.0, "B9-A": 2.0, "B10-A": 2.0, "B11-A": 2.0, "B12-A": 2.0, "B13-A": 2.0, "B14-A": 2.0}}